[{
	"rank": 1,
	"title": "Pride and Prejudice",
	"author": "Jane Austen",
	"year": 1813	
},{
	"rank": 2,
	"title": "To Kill a Mockingbird",
	"author": "Harper Lee",
	"year": 1960
},{
	"rank": 3,
	"title": "The Great Gatsby",
	"author": "F. Scott Fitzgerald",
	"year": 1925
},{	
	"rank": 4,
	"title": "One Hundred Years of Solitude",
	"author": "Gabriel Garcia Marquez",
	"year": 1967
},{
	"rank": 5,
	"title": "In Cold Blood",
	"author": "Truman Capote",
	"year": 1965
},{
	"rank": 6,
	"title": "Wide Sargasso Sea",
	"author": "Jean Rhys",
	"year": 1966
},{
	"rank": 7,
	"title": "Brave New World",
	"author": "Aldous Huxley",
	"year": 1932
},{
	"rank": 8,
	"title": "I Capture The Castle",
	"author": "Dodie Smith",
	"year": 1948
},{	
	"rank": 9,
	"title": "Jane Eyre",
	"author": "Charlotte Bronte",
	"year": 1847
},{	
	"rank": 10,
	"title": "Crime and Punishment",
	"author": "Fyodor Dostoevsky",
	"year": 1866
}]